,model,accuracy_cv,accuracy_test,precision_cv,precision_test,recall_cv,recall_test,auc_cv,auc_test,f1-score_cv,f1-score_test
0,xgboost,0.8936842105263159,0.8949579831932774,0.9198859461061404,0.8991596638655462,0.8618557100259459,0.8916666666666667,0.958184486480933,0.8949858757062148,0.889224135175003,0.895397489539749
1,lightgbm,0.8968421052631579,0.8991596638655462,0.9241493698839132,0.9067796610169492,0.8634917192683526,0.8916666666666667,0.9575017888446856,0.8992231638418079,0.8923089319764081,0.8991596638655461
2,random-forest,0.8778947368421053,0.9159663865546218,0.9047640715724612,0.9310344827586208,0.8453794420994205,0.9,0.9472900719490236,0.9161016949152542,0.8734384999193562,0.9152542372881356
3,svm,0.8905263157894737,0.8991596638655462,0.9115440885644055,0.9067796610169492,0.8645378151260503,0.8916666666666667,0.9420786445808353,0.8992231638418079,0.8871211365713982,0.8991596638655461
